<?xml version="1.0" encoding="UTF-8"?>
<project-private xmlns="http://www.netbeans.org/ns/project-private/1">
    <editor-bookmarks xmlns="http://www.netbeans.org/ns/editor-bookmarks/2" lastBookmarkId="0"/>
    <open-files xmlns="http://www.netbeans.org/ns/projectui-open-files/2">
        <group>
            <file>file:/C:/Users/Ritvik/Documents/NetBeansProjects/hotel/src/hotel/CheckOut.java</file>
            <file>file:/C:/Users/Ritvik/Documents/NetBeansProjects/hotel/src/hotel/Hotel.java</file>
            <file>file:/C:/Users/Ritvik/Documents/NetBeansProjects/hotel/src/hotel/RoomStatus.java</file>
            <file>file:/C:/Users/Ritvik/Documents/NetBeansProjects/hotel/src/hotel/MainMenu.java</file>
            <file>file:/C:/Users/Ritvik/Documents/NetBeansProjects/hotel/src/hotel/Fooding.java</file>
            <file>file:/C:/Users/Ritvik/Documents/NetBeansProjects/hotel/src/hotel/Employee.java</file>
            <file>file:/C:/Users/Ritvik/Documents/NetBeansProjects/hotel/src/hotel/Login.java</file>
            <file>file:/C:/Users/Ritvik/Documents/NetBeansProjects/hotel/src/hotel/CheckIn.java</file>
        </group>
    </open-files>
</project-private>
